id;name
17f0a1db-8d52-400e-b550-8c2f7e2a0081;jiggle upside-down throughout
bbfab948-e660-4372-9bdc-9259f956cc49;boggle pastel enthusiastically
458bd24a-41b0-47b2-86b4-3edd86789aaa;afterwards postbox than
860cc91d-dca7-44bd-99e2-4ef4209e5d0c;what monthly
16c988bf-bd87-49f2-8412-ac9a4f9660e6;round
b40cbf81-42bc-493a-9e8a-f1ea63c9d512;onto off
a3f6890d-f70b-4407-8584-a507831cd89f;mispronounce meatloaf thunderbolt
ba5d5570-4900-4529-95d0-cd093ee1092c;lay
ae81a71d-3cc1-4a2c-9893-17893cf27dae;fussy only towards
cd150667-0609-4ec6-ac82-f482a279950b;tarragon achieve like
